{
    "beat_times": [
        5.224489795918367,
        5.851428571428571,
        18.64562358276644,
        19.272562358276645,
        19.783401360544218,
        20.29424036281179
    ],
    "rms_values": [
        4.071465082233772e-05,
        6.103515625e-05,
        6.0611808294197544e-05,
        6.0756236052839085e-05,
        6.103515625e-05,
        6.103515625e-05,
        6.103515625e-05,
        6.103515625e-05,
        6.103515625e-05,
        6.103515625e-05,
        6.103515625e-05,
        6.103515625e-05,
        6.103515625e-05,
        6.103515625e-05,
        6.103515625e-05,
        6.103515625e-05,
        6.103515625e-05,
        6.103515625e-05,
        6.103515625e-05,
        6.103515625e-05,
        6.103515625e-05,
        6.103515625e-05,
        6.103515625e-05,
        6.103515625e-05,
        6.103515625e-05,
        6.103515625e-05,
        6.103515625e-05,
        6.103515625e-05,
        6.103515625e-05,
        6.103515625e-05,
        6.103515625e-05,
        6.103515625e-05,
        6.103515625e-05,
        6.103515625e-05,
        6.103515625e-05,
        6.103515625e-05,
        6.103515625e-05,
        6.103515625e-05,
        6.103515625e-05,
        6.103515625e-05,
        6.103515625e-05,
        6.103515625e-05,
        0.03079928830265999,
        0.006420484744012356,
        0.002048731315881014,
        0.0006962757906876504,
        0.0004656003729905933,
        0.010037456639111042,
        0.0006985676591284573,
        0.0003039542934857309,
        0.00015256405458785594,
        0.00010588463192107156,
        6.779983959859237e-05,
        5.684245843440294e-05,
        5.044236604589969e-05,
        4.739494761452079e-05,
        4.7307701606769115e-05,
        4.732681190944277e-05,
        4.7314431867562234e-05,
        4.7046738473000005e-05,
        4.7230070777004585e-05,
        4.762846219819039e-05,
        4.7418267058674246e-05,
        4.7713605454191566e-05,
        4.7777764848433435e-05,
        4.864750735578127e-05,
        4.894761150353588e-05,
        5.0881939387181774e-05,
        5.3296200348995626e-05,
        5.615990812657401e-05,
        5.961384158581495e-05,
        6.074881093809381e-05,
        6.103515625e-05,
        6.103515625e-05,
        6.103515625e-05,
        6.103515625e-05,
        6.103515625e-05,
        6.103515625e-05,
        6.103515625e-05,
        6.103515625e-05,
        6.103515625e-05,
        6.103515625e-05,
        6.103515625e-05,
        6.103515625e-05,
        6.103515625e-05,
        6.103515625e-05,
        6.103515625e-05,
        6.103515625e-05,
        6.103515625e-05,
        6.103515625e-05,
        6.103515625e-05,
        6.103515625e-05,
        6.103515625e-05,
        6.103515625e-05,
        6.103515625e-05,
        6.103515625e-05,
        6.103515625e-05,
        6.103515625e-05,
        6.103515625e-05,
        6.103515625e-05,
        6.103515625e-05,
        6.103515625e-05,
        6.103515625e-05,
        6.103515625e-05,
        6.103515625e-05,
        6.103515625e-05,
        6.103515625e-05,
        6.103515625e-05,
        6.103515625e-05,
        6.103515625e-05,
        6.103515625e-05,
        6.103515625e-05,
        6.103515625e-05,
        6.103515625e-05,
        6.103515625e-05,
        6.103515625e-05,
        6.103515625e-05,
        6.103515625e-05,
        6.103515625e-05,
        6.103515625e-05,
        6.103515625e-05,
        6.103515625e-05,
        6.103515625e-05,
        6.103515625e-05,
        6.103515625e-05,
        6.103515625e-05,
        6.103515625e-05,
        6.103515625e-05,
        6.103515625e-05,
        6.103515625e-05,
        6.103515625e-05,
        6.103515625e-05,
        6.103515625e-05,
        6.103515625e-05,
        6.103515625e-05,
        6.103515625e-05,
        6.103515625e-05,
        6.103515625e-05,
        6.103515625e-05,
        6.103515625e-05,
        6.103515625e-05,
        6.103515625e-05,
        6.103515625e-05,
        6.103515625e-05,
        6.103515625e-05,
        6.103515625e-05,
        6.103515625e-05,
        6.103515625e-05,
        6.103515625e-05,
        0.023271940648555756,
        0.00448533333837986,
        0.00022884373902343214,
        0.00011979722330579534,
        6.36423283140175e-05,
        0.007149180863052607,
        0.0007012099958956242,
        0.00022107805125415325,
        0.00012303229596000165,
        0.003798478515818715,
        0.00037092273123562336,
        8.130049536703154e-05,
        0.007483120076358318,
        0.004380739759653807,
        0.0031344036106020212,
        0.014429970644414425,
        0.008296104148030281,
        0.0022486336529254913,
        0.0009299613302573562,
        0.00040755115333013237,
        0.00017044234846252948,
        9.795217920327559e-05,
        6.562047201441601e-05,
        5.786697147414088e-05,
        4.811566759599373e-05,
        4.608061499311589e-05,
        4.744720718008466e-05,
        4.7496563638560474e-05,
        4.715893373941071e-05,
        4.74236803711392e-05,
        0.0021336094941943884,
        0.001392887788824737,
        0.00011435768828960136,
        9.442346345167607e-05,
        4.2534702515695244e-05,
        3.6303074011811987e-05,
        3.70628695236519e-05,
        3.821526843239553e-05,
        3.9571816159877926e-05,
        4.50152947450988e-05,
        4.5838194637326524e-05,
        2.836742169165518e-05,
        1.7302887499681674e-05,
        1.845493352448102e-05,
        2.1003936126362532e-05,
        2.035516081377864e-05,
        1.97759745788062e-05,
        2.0613306332961656e-05,
        2.1288984498823993e-05,
        2.4536951968912035e-05,
        2.750231396930758e-05
    ]
}