{
    "beat_times": [
        10.286439909297052,
        12.097596371882085,
        14.001632653061224,
        15.209070294784581,
        17.11310657596372,
        18.970702947845805,
        20.224580498866214,
        22.128616780045352,
        24.68281179138322,
        25.309750566893424,
        27.794285714285714,
        30.30204081632653
    ],
    "rms_values": [
        2.035732541116886e-05,
        2.3777187379891984e-05,
        3.0378118026419543e-05,
        3.0517578125e-05,
        3.0517578125e-05,
        3.0517578125e-05,
        3.0517578125e-05,
        3.0517578125e-05,
        3.0517578125e-05,
        3.0517578125e-05,
        3.0517578125e-05,
        3.0517578125e-05,
        3.0517578125e-05,
        3.0517578125e-05,
        3.0517578125e-05,
        3.0517578125e-05,
        3.0517578125e-05,
        3.0517578125e-05,
        3.0517578125e-05,
        3.0517578125e-05,
        3.0517578125e-05,
        3.0517578125e-05,
        3.0517578125e-05,
        3.0517578125e-05,
        3.0517578125e-05,
        3.0517578125e-05,
        3.0517578125e-05,
        3.0517578125e-05,
        3.0517578125e-05,
        3.0517578125e-05,
        3.0517578125e-05,
        3.0517578125e-05,
        3.0517578125e-05,
        3.0517578125e-05,
        3.0517578125e-05,
        3.0517578125e-05,
        3.0517578125e-05,
        3.0517578125e-05,
        3.0517578125e-05,
        3.0517578125e-05,
        3.0517578125e-05,
        3.0517578125e-05,
        3.0517578125e-05,
        3.0517578125e-05,
        3.0517578125e-05,
        3.0517578125e-05,
        3.0517578125e-05,
        0.05300252139568329,
        0.062134724110364914,
        0.10561418533325195,
        0.08732980489730835,
        0.037928685545921326,
        0.20119749009609222,
        0.0853148028254509,
        0.029456373304128647,
        0.05973059684038162,
        0.016726411879062653,
        0.04097307473421097,
        0.06404130905866623,
        0.06612998992204666,
        0.11212684959173203,
        0.15463003516197205,
        0.1904037594795227,
        0.1284027099609375,
        0.07816550135612488,
        0.04850095510482788,
        0.05827150493860245,
        0.023861154913902283,
        0.025272786617279053,
        0.057110998779535294,
        0.010951496660709381,
        0.1322602778673172,
        0.1199437603354454,
        0.09656646847724915,
        0.05788205564022064,
        0.07463454455137253,
        0.06968367844820023,
        0.22995194792747498,
        0.11963721364736557,
        0.036602683365345,
        0.06090586632490158,
        0.01140674576163292,
        0.04642627388238907,
        0.08162666857242584,
        0.08716884255409241,
        0.11079481989145279,
        0.10470091551542282,
        0.11840885877609253,
        0.12056396901607513,
        0.07713299244642258,
        0.04300111532211304,
        0.06410017609596252,
        0.03774828836321831,
        0.023309964686632156,
        0.06261604279279709,
        0.010512440465390682,
        0.1314602494239807,
        0.14342787861824036,
        0.11149347573518753,
        0.06109750270843506,
        0.03126140683889389,
        0.07745952904224396,
        0.14900411665439606,
        0.11043776571750641,
        0.05466515198349953,
        0.03951100632548332,
        0.0652681514620781,
        0.09593595564365387,
        0.06616359949111938,
        0.07690652459859848,
        0.06061868369579315,
        0.048954594880342484,
        0.11854875832796097,
        0.08217566460371017,
        0.0691065639257431,
        0.07933395355939865,
        0.050139907747507095,
        0.037953294813632965,
        0.06926631182432175,
        0.06776472926139832,
        0.09070776402950287,
        0.08404405415058136,
        0.0971263125538826,
        0.11329454928636551,
        0.07577808946371078,
        0.09620216488838196,
        0.109285868704319,
        0.08747453987598419,
        0.16339285671710968,
        0.13051502406597137,
        0.07789546251296997,
        0.077389195561409,
        0.080642469227314,
        0.08707386255264282,
        0.08911492675542831,
        0.0661354511976242,
        0.050414253026247025,
        0.062236618250608444,
        0.037764329463243484,
        0.029600294306874275,
        0.12851007282733917,
        0.14304818212985992,
        0.07580956071615219,
        0.04581880941987038,
        0.06117776781320572,
        0.12591490149497986,
        0.08590515702962875,
        0.03695126622915268,
        0.09562940895557404,
        0.07203321158885956,
        0.08547255396842957,
        0.09184145927429199,
        0.032246824353933334,
        0.23839883506298065,
        0.062034428119659424,
        0.009704983793199062,
        0.002551510464400053,
        0.001224114210344851,
        0.0008194520487450063,
        0.00016495597083121538,
        0.00010691172064980492,
        7.001816993579268e-05,
        2.489506732672453e-05,
        1.9899120161426254e-05,
        1.978694854187779e-05,
        1.767968205967918e-05,
        1.881943899206817e-05,
        1.9706683815456927e-05,
        1.8360304238740355e-05,
        2.066573506454006e-05,
        0.033983901143074036,
        0.03137781098484993,
        0.08803635090589523,
        0.06815967708826065,
        0.07433851808309555,
        0.07250974327325821,
        0.07246296107769012,
        0.07599876821041107,
        0.06596913188695908,
        0.07278252393007278,
        0.04660257324576378,
        0.037343237549066544,
        0.0722997784614563,
        0.09555673599243164,
        0.07537010312080383,
        0.10786654055118561,
        0.01889563910663128,
        0.006231776438653469,
        0.0012125950306653976,
        0.0007450719713233411,
        0.0005287552485242486,
        0.00018936880223918706,
        0.0001322409516433254,
        2.7900878194486722e-05,
        2.08993205887964e-05,
        1.911140134325251e-05,
        1.9246583178755827e-05,
        2.001581378863193e-05,
        2.027883419941645e-05,
        1.891952342703007e-05
    ]
}