{
    "beat_times": [
        0.2786394557823129,
        1.18421768707483,
        1.6950566893424037,
        3.0418140589569163,
        4.9458503401360545,
        6.780226757369615,
        8.684263038548753,
        9.613061224489796,
        10.541859410430838,
        11.470657596371883,
        12.422675736961452,
        13.096054421768708,
        13.79265306122449,
        14.466031746031746
    ],
    "rms_values": [
        0.0574708990752697,
        0.09879736602306366,
        0.08453343063592911,
        0.12928351759910583,
        0.2094375342130661,
        0.16744281351566315,
        0.12795142829418182,
        0.16973383724689484,
        0.16089875996112823,
        0.1414376199245453,
        0.18896910548210144,
        0.16675928235054016,
        0.14048117399215698,
        0.1854563057422638,
        0.14728981256484985,
        0.10976802557706833,
        0.22385376691818237,
        0.1548701524734497,
        0.1142374649643898,
        0.10939379781484604,
        0.13987912237644196,
        0.10939673334360123,
        0.187481090426445,
        0.21441872417926788,
        0.15333305299282074,
        0.15192119777202606,
        0.1821240335702896,
        0.14308640360832214,
        0.18547368049621582,
        0.18747523427009583,
        0.12590520083904266,
        0.1251639425754547,
        0.18641522526741028,
        0.13488644361495972,
        0.14764191210269928,
        0.179818794131279,
        0.09353030472993851,
        0.08182679116725922,
        0.16712962090969086,
        0.17235828936100006,
        0.16827230155467987,
        0.2038809061050415,
        0.1715833842754364,
        0.14208665490150452,
        0.13698197901248932,
        0.14493420720100403,
        0.11614758521318436,
        0.17280958592891693,
        0.10218757390975952,
        0.07898691296577454,
        0.08371739834547043,
        0.08514627814292908,
        0.08493964374065399,
        0.1589459776878357,
        0.1107221394777298,
        0.09015097469091415,
        0.08584759384393692,
        0.09784721583127975,
        0.05350828543305397,
        0.16013705730438232,
        0.15075284242630005,
        0.09344019740819931,
        0.07723105698823929,
        0.089378222823143,
        0.047370947897434235,
        0.07393497973680496,
        0.21515744924545288,
        0.16572636365890503,
        0.0962783694267273,
        0.08937198668718338,
        0.08224198967218399,
        0.07485745847225189,
        0.18957631289958954,
        0.15772733092308044,
        0.1384287029504776,
        0.14526228606700897,
        0.14835494756698608,
        0.11951559036970139,
        0.15832369029521942,
        0.1276748776435852,
        0.09003274887800217,
        0.12842921912670135,
        0.18464243412017822,
        0.1482965648174286,
        0.17989668250083923,
        0.10520050674676895,
        0.0817103460431099,
        0.07286177575588226,
        0.1641249656677246,
        0.17222528159618378,
        0.2048807442188263,
        0.23559696972370148,
        0.17441926896572113,
        0.11650203913450241,
        0.15308058261871338,
        0.1459423005580902,
        0.12279800325632095,
        0.17244276404380798,
        0.09423389285802841,
        0.08037146180868149,
        0.09531231969594955,
        0.09710898250341415,
        0.06479666382074356,
        0.1614076793193817,
        0.08693532645702362,
        0.06846964359283447,
        0.08333413302898407,
        0.09374338388442993,
        0.05611291155219078,
        0.16569827497005463,
        0.09386495500802994,
        0.07079867273569107,
        0.06683323532342911,
        0.08785353600978851,
        0.03481645882129669,
        0.17539972066879272,
        0.2017672061920166,
        0.1323370337486267,
        0.1315099447965622,
        0.12481211125850677,
        0.11600010097026825,
        0.13263186812400818,
        0.2049971967935562,
        0.17458778619766235,
        0.19300588965415955,
        0.19055995345115662,
        0.18172256648540497,
        0.14351323246955872,
        0.20869238674640656,
        0.14875070750713348,
        0.13381241261959076,
        0.1521262526512146,
        0.13671275973320007,
        0.0772412121295929,
        0.1861211210489273,
        0.12544924020767212,
        0.08091579377651215,
        0.1474221646785736,
        0.1531580090522766,
        0.1406373530626297,
        0.19245199859142303,
        0.1743507981300354,
        0.16230341792106628,
        0.16023972630500793,
        0.15219129621982574,
        0.11992672830820084,
        0.17404617369174957,
        0.18442402780056,
        0.1034197211265564,
        0.10931966453790665,
        0.14840683341026306,
        0.07062491774559021,
        0.15453669428825378,
        0.21128877997398376,
        0.14367987215518951,
        0.14593461155891418,
        0.1398870348930359,
        0.11350034922361374,
        0.11735333502292633,
        0.18280859291553497,
        0.11957757920026779,
        0.10636456310749054,
        0.1867590844631195,
        0.1860431730747223,
        0.14695993065834045,
        0.1941073089838028,
        0.15668779611587524,
        0.10026739537715912,
        0.1318591684103012,
        0.176677405834198,
        0.1356794387102127,
        0.08119045197963715,
        0.08843861520290375,
        0.05315544828772545,
        0.18241876363754272,
        0.20257936418056488,
        0.12584353983402252,
        0.11040352284908295,
        0.13980285823345184,
        0.1138458400964737,
        0.05803292989730835,
        0.09944090247154236,
        0.10425074398517609,
        0.14126887917518616,
        0.21891401708126068,
        0.15530599653720856,
        0.1584804654121399,
        0.23707109689712524,
        0.1842392235994339,
        0.17965589463710785,
        0.19056522846221924,
        0.1738160103559494,
        0.1795833259820938,
        0.21673206984996796,
        0.18059031665325165,
        0.1646651029586792,
        0.2011653631925583,
        0.17551451921463013,
        0.19205981492996216,
        0.17273515462875366
    ]
}