{
    "beat_times": [
        1.4628571428571429,
        2.5774149659863945,
        8.196643990929704,
        8.893242630385487
    ],
    "rms_values": [
        2.035732541116886e-05,
        3.0517578125e-05,
        2.4046399630606174e-05,
        2.7246964236837812e-05,
        3.049174847546965e-05,
        3.0378118026419543e-05,
        3.0517578125e-05,
        3.0517578125e-05,
        3.0517578125e-05,
        3.0517578125e-05,
        3.0517578125e-05,
        3.0517578125e-05,
        3.0517578125e-05,
        3.0517578125e-05,
        3.0517578125e-05,
        3.0517578125e-05,
        3.0517578125e-05,
        0.00018630009435582906,
        0.006503114476799965,
        0.012226583436131477,
        0.01388948131352663,
        0.009194755926728249,
        0.0022524308878928423,
        0.0025148994754999876,
        0.005711360368877649,
        0.0031184805557131767,
        0.001113498117774725,
        0.000712001696228981,
        0.0005421683308668435,
        0.00036314543103799224,
        0.00028164213290438056,
        0.003544991835951805,
        0.007047554943710566,
        0.009597199968993664,
        0.006446767132729292,
        0.002153604058548808,
        0.0014692434342578053,
        0.0010424067731946707,
        0.0005995866958983243,
        0.00032782176276668906,
        0.00023783056531101465,
        0.00019099948985967785,
        0.0001660337729845196,
        0.00014033709885552526,
        8.669212547829375e-05,
        5.9948280977550894e-05,
        4.499556962400675e-05,
        0.0014851182932034135,
        0.0024500275030732155,
        0.00322181754745543,
        0.003851111978292465,
        0.002959395060315728,
        0.001077151857316494,
        0.0005072330241091549,
        0.00034117346513085067,
        0.00023066060384735465,
        0.00015031725342851132,
        7.95288069639355e-05,
        8.148600318236277e-05,
        6.887327617732808e-05,
        3.9995258703129366e-05,
        2.480559123796411e-05,
        2.1717090930906124e-05,
        2.243694143544417e-05,
        2.0474453776841983e-05,
        1.864251862571109e-05,
        1.861037344497163e-05,
        1.8414481019135565e-05,
        1.8506874766899273e-05,
        2.036269688687753e-05,
        1.9265260561951436e-05,
        1.657841494306922e-05,
        1.8352779079577886e-05,
        8.276659355033189e-05,
        0.00012237242481205612,
        0.00012601495836861432,
        0.0001541005476610735,
        0.00016646092990413308,
        0.00014382727385964245,
        7.327473576879129e-05,
        2.6344810976297595e-05,
        2.334217424504459e-05,
        0.000251770339673385,
        0.0005831671296618879,
        0.0009098104201257229,
        0.0014613991370424628,
        0.001122654415667057,
        0.00052733498159796,
        0.00018592072592582554,
        0.00013472377031575888,
        8.31496508908458e-05,
        6.110272806836292e-05,
        3.6958346754545346e-05,
        3.741430919035338e-05,
        3.3037911634892225e-05,
        2.2044938305043615e-05,
        2.1460133211803623e-05,
        1.960453846550081e-05,
        1.8365917640039697e-05,
        1.7288066374021582e-05,
        1.952100319613237e-05,
        1.99824025912676e-05,
        0.00503240991383791,
        0.00970438588410616,
        0.012074773199856281,
        0.01604566164314747,
        0.0118227768689394,
        0.0032813791185617447,
        0.0020118069369345903,
        0.0011107525788247585,
        0.004627786576747894,
        0.007756365928798914,
        0.00919136218726635,
        0.011286805383861065,
        0.006423029117286205,
        0.0021916741970926523,
        0.0008381927036680281,
        0.0006874484824948013,
        0.000850791169796139,
        0.0011520044645294547,
        0.0016593856271356344,
        0.0018464477034285665,
        0.0008733113645575941,
        0.00026878571952693164,
        0.00020703536574728787,
        0.00013961094373371452,
        0.00012265772966202348,
        9.511598909739405e-05,
        5.9160975069971755e-05,
        4.067102781846188e-05,
        3.2065410778159276e-05,
        2.4986946300487034e-05,
        2.210445745731704e-05,
        1.842745768954046e-05,
        1.9555303879315034e-05,
        1.925741889863275e-05,
        1.778340265445877e-05,
        1.771486859070137e-05,
        1.7820018911152147e-05,
        1.9681110643432476e-05,
        1.968346259673126e-05,
        1.8180409824708477e-05,
        1.8203867512056604e-05,
        1.8635861124494113e-05,
        1.8421216736896895e-05,
        1.887277903733775e-05,
        1.9367847926332615e-05,
        1.971160418179352e-05,
        2.058554491668474e-05,
        1.9756000256165862e-05,
        2.089910594804678e-05,
        2.1187132006161846e-05,
        2.2949156118556857e-05,
        2.406220301054418e-05,
        1.7885427951114252e-05,
        0.0,
        0.0,
        0.0,
        0.0,
        0.0,
        0.0,
        0.0,
        0.0,
        0.0,
        0.0,
        0.0,
        0.0,
        0.0,
        0.0,
        0.0,
        0.0,
        0.0,
        0.0,
        0.0,
        0.0,
        0.0,
        0.0,
        0.0,
        0.0,
        0.0,
        0.0,
        0.0,
        0.0,
        0.0,
        0.0,
        0.0,
        0.0,
        0.0,
        0.0,
        0.0,
        0.0,
        0.0,
        0.0,
        0.0,
        0.0,
        0.0,
        0.0,
        0.0,
        0.0,
        0.0
    ]
}